country,date,GDPC,GDPCG,RD,FFEC,INDVA
Austria,2017,49112.7328902854,1.76708743764632,3.15743,,25.471735742485
Austria,2016,48259.9375956173,0.98463828322204,3.12523,,25.4173869886432
Austria,2015,47789.3850154389,-0.111540189504495,3.04979,65.6618219894727,25.174913250307
Austria,2014,47842.7489082353,-0.122370667337563,3.08429,64.8131564661468,25.3646396008814
Austria,2013,47901.366129632,-0.562298942527448,2.95492,66.2538035085394,25.5249417894219
Austria,2012,48172.2381151452,0.222450576943075,2.91472,67.3025067863473,25.6339685320435
Austria,2011,48065.3165411898,2.57644831811446,2.66868,69.1541833994512,25.4474320432043
Austria,2010,46858.0432733717,1.59257712849987,2.7261,70.2670570317288,25.5349942466396
Austria,2009,46123.4911031965,-4.01634004211772,2.59674,69.8365077164139,25.7928458296062
Austria,2008,48053.4823567215,1.14330711888604,2.56945,71.5548631026855,26.9602141407645
Austria,2007,47510.2937856663,3.39173082681461,2.41843,72.6297785377108,27.5726388212438
Austria,2006,45951.7346365426,2.94341785870446,2.35923,74.6983342403424,27.2593708304078
Austria,2005,44637.8560109729,1.54987731693588,2.37324,77.0304294299819,27.0742425967636
Austria,2004,43956.5829032552,2.09971116889712,2.16612,77.699293658191,27.3737678166123
Austria,2003,43052.602598004,0.450946527234535,2.17456,78.1444293048315,27.498379858473
Austria,2002,42859.3299380524,1.15267633135774,2.06598,77.3108741675121,27.3880784820285
Austria,2001,42370.9302536426,0.88025909788611,1.9921,76.8963890335462,28.2087461435225
Austria,2000,42001.210774577,3.12743665014771,1.88602,76.5352922346138,28.2848020340956
Austria,1999,40727.4844977123,3.35504466142362,1.84537,76.6073284458913,28.4285921580405
Austria,1998,39405.4152181248,3.46782994124915,1.73155,78.5155637093458,28.5106628527989
Belgium,2017,46680.2075195808,1.57215372315021,2.59448,,19.3113078559716
Belgium,2016,45957.6821092271,0.998454175156894,2.54569,,19.3169352753118
Belgium,2015,45503.3519914323,1.44327342388083,2.46123,75.8707843536824,19.6698883181098
Belgium,2014,44855.9578724323,1.12858585492231,2.38729,72.6525048356486,19.6748264840511
Belgium,2013,44355.3694469554,-0.0131624623842725,2.33393,70.820305796114,19.8791997556506
Belgium,2012,44361.2084743341,0.11641512246463,2.27334,71.1157141124069,20.075240558224
Belgium,2011,44309.6253696963,0.380018329951753,2.15533,70.2544959262826,20.7778964049581
Belgium,2010,44141.8781415734,1.9287568820322,2.05081,72.7936170372105,20.8945803561766
Belgium,2009,43306.5991304703,-2.80590363311177,1.98537,72.6400231167136,20.600029785888
Belgium,2008,44556.8205778637,-0.343464812108124,1.92413,73.3936320880596,21.59544849636
Belgium,2007,44710.3850177578,2.91837518224168,1.84413,72.6665499302844,22.2819524770029
Belgium,2006,43442.5678977027,1.8781869981259,1.81426,73.9425114862405,22.139925542401
Belgium,2005,42641.6774559424,1.76045591851488,1.78231,74.7639489844314,22.5737781481988
Belgium,2004,41903.9764229122,3.12391751574548,1.80898,75.0194585935233,22.9599989488568
Belgium,2003,40634.5854893595,0.615850407976779,1.83184,75.232845873978,23.2266548885812
Belgium,2002,40385.8689506619,1.25198916023295,1.89073,74.4701814763315,23.7873363393069
Belgium,2001,39886.4943648175,0.752480190880306,2.02168,75.6282926275786,24.3121509872514
Belgium,2000,39588.5980069678,3.46545030511354,1.92236,75.8540863960788,24.9438325836543
Belgium,1999,38262.6257269681,3.30569734823307,1.89068,75.7901428991254,24.7258443400042
Belgium,1998,37038.2531739645,1.74435630499947,1.82362,77.0485270457957,25.5706853726919
Bulgaria,2017,8331.15227287203,4.57230650133613,0.75239,,24.6667491402133
Bulgaria,2016,7966.88200882858,4.66831446724521,0.78006,,24.4266440029746
Bulgaria,2015,7611.55087800877,4.13351489936093,0.96015,,24.0869904894372
Bulgaria,2014,7309.4151151672,2.41800281989239,0.79377,71.0459225220269,23.681527293567
Bulgaria,2013,7136.84597816382,1.05790955605502,0.63724,70.2084792905056,23.4757732443588
Bulgaria,2012,7062.13497737665,0.612051095387244,0.60479,72.1871003864391,24.9996343265026
Bulgaria,2011,7019.17404574254,2.57051342984499,0.53191,75.0439512978541,25.6146064215753
Bulgaria,2010,6843.26694975885,1.99327953842283,0.56387,73.1645429106842,23.8092690644672
Bulgaria,2009,6709.52731467062,-2.96296376384251,0.4947,73.0238178824845,26.3849592866567
Bulgaria,2008,6914.39843478088,6.76869306309271,0.44787,76.1421363788758,24.9201782948187
Bulgaria,2007,6476.05420316886,8.1366152859423,0.43024,77.7206583262712,26.1411193747636
Bulgaria,2006,5988.77095056511,7.68916579193385,0.4454,72.4792439088174,25.2283484688768
Bulgaria,2005,5561.16384273605,7.93317140797711,0.44617,72.9612547766738,24.1759019099269
Bulgaria,2004,5152.41400784508,7.24176871485913,0.47449,73.9769293902061,22.9161775064569
Bulgaria,2003,4804.48436237995,5.99248289982523,0.47587,74.0906022391055,24.0860694177414
Bulgaria,2002,4532.8538693831,8.26224087716822,0.46834,70.4665561092248,23.8799391827535
Bulgaria,2001,4186.92041902769,5.85659835292871,0.45052,73.1454631425634,23.77190985659
Bulgaria,2000,3955.27580157865,5.2844853542843,0.49866,72.3850411748848,22.6752554802025
Bulgaria,1999,3756.75085295718,-7.89318403891862,0.54066,74.7372620633026,22.2469307575691
Bulgaria,1998,4078.68930627734,7.06102173661034,0.48509,76.1415318295048,21.5266003147786
Switzerland,2017,77684.0662772937,0.853947374730211,,,25.1939385430638
Switzerland,2016,77026.3021918744,0.617849426383273,,,25.001662877322
Switzerland,2015,76553.3179560058,0.18641349900652,3.3716,50.1682254807986,25.1052337151399
Switzerland,2014,76410.8777651423,1.20678766353788,,48.741859877427,25.1644559639721
Switzerland,2013,75499.7560234501,0.68756733677921,,52.1055585887724,25.532571684658
Switzerland,2012,74984.1892305521,-0.0607503283127926,3.18623,50.9166281732744,25.6601863943015
Switzerland,2011,75029.7700621972,0.568314659074829,,50.3887790760234,25.9607955496607
Switzerland,2010,74605.7745091454,1.93553204733263,,51.5535501709518,25.6005361093637
Switzerland,2009,73189.1745799718,-3.43623071124614,,53.2380776830962,25.4975704880917
Switzerland,2008,75793.6181645052,0.864958950751713,2.71472,52.5111951072106,26.502795491905
Switzerland,2007,75143.6563827009,3.1854755324576,,51.4909320339345,26.1661412839705
Switzerland,2006,72823.8698275553,3.3381761899663,,53.8380510126971,26.2463237267462
Switzerland,2005,70471.4099982599,2.45675560554193,,55.4607823421541,25.9905678915308
Switzerland,2004,68781.6138445516,2.07220855875461,2.67269,53.9655648887586,25.8702052258219
Switzerland,2003,67385.2509078999,-0.699897654690417,,53.7761110954886,26.1135775453953
Switzerland,2002,67860.2028762993,-0.592227280691674,,54.4518528189764,26.5083399320545
Switzerland,2001,68264.4837722217,0.673218925048033,,56.0190619786169,26.2542054961741
Switzerland,2000,67807.9875672249,3.35449182925997,2.32344,54.3591714442937,25.4392780886588
Switzerland,1999,65607.1994231684,1.21090169434738,,55.8075872845508,26.2691529642463
Switzerland,1998,64822.265511772,2.68431886174996,,56.8882948161333,26.6282647116581
Cyprus,2017,30650.2308696168,3.5016365059666,0.55322,,11.3207505742602
Cyprus,2016,29643.8279513684,4.33253543801553,0.53442,,10.9031895092596
Cyprus,2015,27897.9520417463,2.5444893465441,0.48059,,10.1655538570035
Cyprus,2014,26834.0008567927,-0.219240256042653,0.50835,92.9062150260328,9.88689339227455
Cyprus,2013,27044.3046420299,-5.58007036190139,0.48218,92.9908098356461,10.7602642449969
Cyprus,2012,28873.621277345,-4.34671215019054,0.43778,94.165524866543,11.7729347957646
Cyprus,2011,30363.5084896573,-2.12588676550578,0.45554,94.8940948336657,12.7616461579395
Cyprus,2010,31023.6383309791,-1.28042962912113,0.44663,95.3906538183929,14.4957587269308
Cyprus,2009,31216.7678605042,-4.61063340074621,0.44442,95.7814844337477,15.9544596761114
Cyprus,2008,32725.6336182866,1.07653061997274,0.38601,96.1058446007409,17.8965853841243
Cyprus,2007,32377.0733093763,2.88407630967997,0.40007,96.7166461124675,18.1971026142189
Cyprus,2006,31469.4602423868,2.98129230416669,0.38346,97.5068932877896,17.8301299411038
Cyprus,2005,30558.4223752765,3.35375282622303,0.36727,97.4315706565891,17.8911230141923
Cyprus,2004,29566.8206405186,3.630815342632,0.33564,97.5007966536882,18.067459164481
Cyprus,2003,28530.9168801287,1.38360344298169,0.31834,97.8101748386258,18.0129554121324
Cyprus,2002,28141.5453784055,2.5410457745685,0.27967,97.7756552510606,17.9301622113327
Cyprus,2001,27444.1704575173,2.83809736435481,0.23694,97.8273938327575,17.3938334000036
Cyprus,2000,26686.7672681302,4.84416854825056,0.2269,97.8604881007199,17.6860345478675
Cyprus,1999,25453.7467449106,3.82958354796075,0.21806,97.6916192591235,18.4881644373395
Cyprus,1998,24514.9231345503,4.81777617914265,0.20331,97.677292296233,19.2367627551139
Czech Republic,2017,22754.7526034317,4.07576634597022,1.79079,,33.2167289743142
Czech Republic,2016,21863.6416548595,2.25397655388116,1.68015,,33.5653598266775
Czech Republic,2015,21381.7030806022,5.10241576594581,1.92923,77.7345870580784,33.9918573178934
Czech Republic,2014,20343.6837533948,2.60703704468281,1.97285,75.2785222475024,34.2458567166822
Czech Republic,2013,19826.7919426771,-0.516675080422502,1.89973,77.1817694354636,32.8504136522822
Czech Republic,2012,19929.7640671993,-0.938553681715106,1.78231,77.20089282697,33.1639207943423
Czech Republic,2011,20118.5878138351,1.56762726240612,1.55571,79.2873391262345,33.4082263300572
Czech Republic,2010,19808.0710912518,1.97586819137179,1.33688,80.559800806804,33.2590024792654
Czech Republic,2009,19424.2730584841,-5.34339779158853,1.29438,79.6576977172214,33.2469470734471
Czech Republic,2008,20520.7799617785,1.8341450742589,1.23933,81.4233055710291,34.1646130070274
Czech Republic,2007,20151.1781208694,4.98820219406669,1.30228,83.0622773413802,34.5957167450888
Czech Republic,2006,19193.7548217282,6.56455909275755,1.23173,82.9781730781546,34.6876478522249
Czech Republic,2005,18011.3866984813,6.38620721427728,1.16835,83.6751207215882,34.0836605735313
Czech Republic,2004,16930.1897023209,4.87464046777542,1.14559,83.6902433837101,34.0804272665884
Czech Republic,2003,16143.2636401008,3.63264549159874,1.14741,84.2496042476403,32.6280199631224
Czech Republic,2002,15577.3922044763,1.84877261091454,1.10202,86.8719392271477,33.2635502699091
Czech Republic,2001,15294.6292872723,3.2961406555476,1.10333,89.0209378258251,34.2806492520954
Czech Republic,2000,14806.5834698258,4.55953033078632,1.11319,89.962835459286,33.8749420545492
Czech Republic,1999,14160.9123749728,1.53653239455606,1.05452,87.9310134311233,34.1424900007447
Czech Republic,1998,13946.6180703765,-0.234237456047254,1.06528,88.81523707045,35.1599826499297
Germany,2017,46916.8241814135,2.08280772084919,3.02233,,27.4421492824323
Germany,2016,45959.5746129064,1.4081021738692,2.91712,,27.4966657094541
Germany,2015,45321.4029527014,0.862787538298775,2.91197,78.862551056755,27.0645562643767
Germany,2014,44933.7204124885,1.80042003787038,2.86691,79.7105269369918,27.0109959930724
Germany,2013,44139.0324281303,0.154547997552854,2.82105,81.0882680135356,26.7826133352304
Germany,2012,44070.9217011381,0.231212502717355,2.86813,80.6252229786616,27.2839861436413
Germany,2011,43969.259276339,5.8685566312854,2.79562,80.3702087567313,27.0689719182049
Germany,2010,41531.9341978689,4.33869191573952,2.71367,79.560350259586,26.8488925284667
Germany,2009,39804.9212955522,-5.45790087234482,2.72644,79.9674688538157,24.7358048517212
Germany,2008,42102.8532926964,1.15442159396983,2.59712,80.8022517833709,26.8486819111797
Germany,2007,41622.3558290865,3.12187822350019,2.44633,81.2719501564706,27.2365025704627
Germany,2006,40362.2941572851,3.93175422981199,2.45604,81.2718831767448,26.9743991815788
Germany,2005,38835.3823683537,0.779058121105464,2.42253,81.8556762682578,26.3532912935747
Germany,2004,38535.1709892798,1.2118853400525,2.42079,82.5660216166658,26.4048494598943
Germany,2003,38073.7606653695,-0.768486531800832,2.4566,83.1823140879026,26.1867813363357
Germany,2002,38368.6183296711,-0.3661127401014,2.41543,83.2781567929544,26.3787236365622
Germany,2001,38509.6069067196,1.52679480360456,2.38558,83.6050330188045,27.0691909009731
Germany,2000,37930.486214219,2.75592866985347,2.39166,83.6219751354806,27.712378324301
Germany,1999,36913.1851613998,1.82612284877355,2.33383,83.9313716428922,27.6544079087925
Germany,1998,36251.1938279544,2.00359925047853,2.2123,84.9224619914077,28.3844977710706
Denmark,2017,62733.0198084484,1.3818217343226,3.05583,,20.4664411726547
Denmark,2016,61877.9764806794,2.44336954913602,3.11868,,20.6686168257458
Denmark,2015,60402.1292476134,1.62216558493076,3.05497,64.9270894675666,19.9874547292305
Denmark,2014,59437.9473217704,1.10543347168522,2.91404,67.7045581238811,19.7849958878059
Denmark,2013,58788.0841620803,0.513424412245797,2.97048,70.2593871097906,20.0618073480166
Denmark,2012,58487.7935518014,-0.149916083122164,2.98125,70.8623706607139,20.3979173208941
Denmark,2011,58575.6078086932,0.92039369613164,2.94465,74.8222782100362,20.2546986056117
Denmark,2010,58041.3984363385,1.4194865934675,2.91707,78.2742257090851,19.7049241450312
Denmark,2009,57229.0398875643,-5.41401399826528,3.05514,79.5758042575441,19.9501979076929
Denmark,2008,60504.7769830456,-1.09484211815504,2.77346,80.1313683361241,22.5939345580366
Denmark,2007,61174.5416304036,0.462731524928344,2.51541,82.0366135499006,22.1666735325257
Denmark,2006,60892.7715799008,3.57206342687894,2.403,86.6366222223976,22.8195938061561
Denmark,2005,58792.6604579917,2.05511053240703,2.39337,82.1873030525818,22.2395319368162
Denmark,2004,57608.7372315592,2.40323401985769,2.41916,85.4747882362454,22.1296309034227
Denmark,2003,56256.7557391673,0.117358139568879,2.51085,89.6796771920172,22.1629937831131
Denmark,2002,56190.8112484775,0.14588070423261,2.44145,87.9899084650889,22.655736229629
Denmark,2001,56108.9591037993,0.462534317937681,2.32466,88.2707013007272,22.8907148022161
Denmark,2000,55850.6307697047,3.40068456473799,,88.2800504024992,23.6527096233541
Denmark,1999,54013.7920796233,2.60794427364527,2.12764,90.892894575195,22.6383309082148
Denmark,1998,52640.9455544435,1.84761390149617,2.00619,92.6766256004631,22.3260184488377
Spain,2017,32282.9038470243,2.64959064764079,1.20482,,20.1560749063155
Spain,2016,31449.6177172688,2.9454403771112,1.18526,,20.0085290526467
Spain,2015,30549.7918140542,3.91576845137082,1.21832,72.9555461183378,20.0869532939244
Spain,2014,29398.6103065297,1.68744970379751,1.23535,71.5311218481781,20.0806465676767
Spain,2013,28910.7558426965,-1.11189885449343,1.26859,72.5513506266274,20.2795516823672
Spain,2012,29235.8286869685,-3.02242536982695,1.28788,75.0081483991196,21.0346436181201
Spain,2011,30146.9992402473,-1.16619262555828,1.32508,76.5000886869636,22.0811402539851
Spain,2010,30502.7197080776,-0.297088607471025,1.34961,76.00086331065,23.1597758571989
Spain,2009,30593.609837519,-4.61187170615491,1.35134,79.7102129168535,24.8996795168532
Spain,2008,32072.7645931733,-0.70956792412278,1.31706,81.8083158189895,26.2904209939065
Spain,2007,32301.9690040863,1.70452202327694,1.23448,83.1862164777901,26.3036486821956
Spain,2006,31760.6025390822,2.35781315291435,1.17217,82.5095887666763,26.9325369113878
Spain,2005,31028.9967719752,1.91569573801111,1.09577,83.4668123985147,27.168932784246
Spain,2004,30445.7488586839,1.35870928011663,1.03849,81.8320256341566,26.9939506909756
Spain,2003,30037.6248621551,1.13625325248812,1.02219,80.8230230186446,27.4212044384282
Spain,2002,29700.1558750311,1.29005004692624,0.96005,81.4607128746587,27.7457734753559
Spain,2001,29321.8888343637,3.21408101820879,0.89019,79.8499960208187,27.9553433486497
Spain,2000,28408.8067685172,4.7764514150568,0.88495,80.6349426879774,27.9692398406424
Spain,1999,27113.7325084429,4.06782445645686,0.84052,80.9759044088757,27.8950116077439
Spain,1998,26053.9053737859,3.96190213216721,0.85102,79.5260968143576,27.8474728998387
Finland,2017,48033.2871498753,2.80973365212954,2.7569,,24.3191531766946
Finland,2016,46720.563747789,2.33344712217614,2.74264,,23.5010391569035
Finland,2015,45655.2232546307,0.229909929575697,2.89157,40.2079829899529,23.2913822122204
Finland,2014,45550.4981364439,-0.776140379969092,3.16931,42.1825267911597,23.0974832887862
Finland,2013,45906.7993432986,-1.35753630792438,3.28719,42.6267230473743,23.3216360530733
Finland,2012,46538.57742909,-1.86540089402051,3.41948,43.0333637246216,23.3787810204092
Finland,2011,47423.2104202424,2.07326241903831,3.63881,46.9886280150822,25.0310609198073
Finland,2010,46459.9732548543,2.71491986408689,3.72598,48.800028810787,26.1582944887665
Finland,2009,45231.9617406414,-8.51319582688036,3.74883,48.4789118680744,25.6603960450516
Finland,2008,49440.9681805579,0.315908015634776,3.54708,47.7186223640103,29.5632254909531
Finland,2007,49285.2720556068,4.85198355903098,3.34577,49.8206882858933,30.6700094081423
Finland,2006,47004.6158238481,3.62898230135202,3.33762,51.7060955208221,30.2411262196568
Finland,2005,45358.561649442,2.42846054195643,3.32976,49.1854771005222,29.2518535160638
Finland,2004,44283.1625208917,3.6908335404501,3.31494,53.3348435194718,29.3730079744013
Finland,2003,42706.9211509585,1.76075616158313,3.30214,54.4223957521716,29.5290249029648
Finland,2002,41967.9675759734,1.46088156482975,3.2574,51.3468472390785,30.1099093517234
Finland,2001,41363.6930102538,2.37638381206156,3.19795,50.3344195259089,30.9462897917416
Finland,2000,40403.5495981061,5.5540011392774,3.24569,49.7867013796177,31.5899796250421
Finland,1999,38277.6106656479,4.13765272747615,3.05603,50.7932485845569,30.4358788490025
Finland,1998,36756.744235266,5.17741024357375,2.78655,51.4975218349994,30.5294088351014
France,2017,43001.5912857189,2.25198093563385,2.18547,,17.2059764808199
France,2016,42054.5312591917,0.692650644122807,2.24245,,17.4341320487761
France,2015,41765.2440274163,0.691921866042719,2.26703,46.4879708722364,17.6796917075443
France,2014,41478.2469670005,0.472969997915911,2.27592,46.2259230612383,17.7459396724758
France,2013,41282.9908062445,0.0599057325755012,2.23703,48.5435813113108,17.9718012893511
France,2012,41258.2747345168,-0.171212887082078,2.22707,49.0120270700645,17.8685506155676
France,2011,41329.0353691755,1.69963011978574,2.19161,48.6769865100636,17.978166208294
France,2010,40638.33400426,1.44701286047184,2.17857,49.8363783215558,17.8457356302771
France,2009,40058.679756449,-3.37173719047426,2.21207,50.8516825886653,18.3048426427711
France,2008,41456.4834259857,-0.303770529398321,2.06117,50.8434654962609,18.8138306949478
France,2007,41582.7997168242,1.79299338592523,2.02451,51.685506010111,19.136739193143
France,2006,40850.3555437969,1.73752398535775,2.05094,51.8924519811957,19.2840844714528
France,2005,40152.6928743383,0.899762890774667,2.05151,52.2971079398512,19.6096052732169
France,2004,39794.6355114869,2.07538420159776,2.09461,52.4150385403935,19.9575239477964
France,2003,38985.5358593536,0.111073729949368,2.11994,52.693992518837,20.1918111986146
France,2002,38942.2812150806,0.402709914181983,2.17449,52.8135340747216,20.649452806316
France,2001,38786.0858022319,1.24419210400947,2.13804,53.4005781295709,20.9383695228189
France,2000,38309.4427405638,3.21429771147173,2.09346,52.8059388521141,21.293939814079
France,1999,37116.4107977125,2.89068226583507,2.10767,54.0187015137821,21.2017281953806
France,1998,36073.6365823837,3.2075367146916,2.09476,54.7942648653587,21.4448448697237
United Kingdom,2017,43010.706337795,1.17747208372161,1.66381,,17.5626198612036
United Kingdom,2016,42510.1610585851,1.19302055364112,1.68211,,17.5811421718795
United Kingdom,2015,42008.9852304102,1.54505648217543,1.66818,80.3517712672552,18.1416206200023
United Kingdom,2014,41369.7984773726,1.83738737138741,1.65915,82.7165784999401,18.3594849309654
United Kingdom,2013,40623.3894497926,1.4579115443597,1.63938,83.5597408024201,18.8170308325697
United Kingdom,2012,40039.6468165335,0.77577230721721,1.59382,85.1398122284243,18.6262972888845
United Kingdom,2011,39731.4214516479,0.749525179463745,1.66488,85.5631857323452,18.6580904503237
United Kingdom,2010,39435.8399018505,1.1534748933105,1.66063,88.1681056757852,18.8664652009736
United Kingdom,2009,38986.144513023,-4.96935024295485,1.6825,87.3677353696343,18.737072416438
United Kingdom,2008,41024.8110611627,-1.06289313354608,1.62307,90.1786954654442,20.0358380332228
United Kingdom,2007,41465.5454970381,1.63605845082763,1.62165,89.6197550100188,19.6785306174068
United Kingdom,2006,40798.0653018924,2.03555035598562,1.58285,88.6059098969806,20.2054615732482
United Kingdom,2005,39984.1674392449,2.47371181002978,1.5612,88.1574477501595,20.2103598577357
United Kingdom,2004,39018.9510392376,1.79315565959783,1.5423,88.619731855703,20.2626563484753
United Kingdom,2003,38331.6056825266,2.80655173264054,1.5895,88.8249825531305,21.0584075694607
United Kingdom,2002,37285.177876807,1.89208978908792,1.6254,88.5344283793587,21.7225586069556
United Kingdom,2001,36592.8090728001,2.57869922054653,1.61903,87.8289753643526,22.0619247919444
United Kingdom,2000,35672.9119698864,3.06854809392598,1.62649,88.410363733096,23.1485208337326
United Kingdom,1999,34610.8610527605,3.08396178304788,1.64171,87.2351552257112,23.0547240047274
United Kingdom,1998,33575.408292517,3.34326563062749,1.55911,86.7706354103542,23.3864994469948
Croatia,2017,15350.4262220764,4.38495908505845,0.8645,,20.8449943931396
Croatia,2016,14705.5920284148,4.20876677937825,0.8627,,21.2583012096465
Croatia,2015,14111.6649614981,3.284810940819,0.84027,,21.3647139310696
Croatia,2014,13662.8656556131,0.303881742845235,0.78252,70.7036623421282,21.5988396307389
Croatia,2013,13621.4724876165,-0.271151237906295,0.81016,71.3032462860036,21.3809946646997
Croatia,2012,13658.5077003255,-1.93843205749161,0.75029,72.2377621242352,21.989329199109
Croatia,2011,13928.5022531286,0.0349420245760825,0.75041,74.6370982792933,22.3236182786599
Croatia,2010,13923.6370524478,-1.27257847688537,0.7422,74.2949719561098,22.1740066576608
Croatia,2009,14103.1101973913,-7.26214889024317,0.84323,76.1296542677746,23.5868160067334
Croatia,2008,15207.5016065447,1.77162094465511,0.88397,78.0516061170525,23.5966812714717
Croatia,2007,14942.7723223694,5.289387541605,0.79187,79.6582710740328,23.6410263718302
Croatia,2006,14192.0972960972,4.9763582619335,0.74081,77.640036380428,24.0848621150253
Croatia,2005,13519.3271428654,4.17980972422907,0.85689,77.0328017241247,24.4252817159349
Croatia,2004,12976.9167160623,4.13132110057155,1.03207,78.0395299623686,24.9982071227428
Croatia,2003,12462.068644581,5.61025882540334,0.95034,79.5043878047029,23.963799799891
Croatia,2002,11800.0550166093,5.05396402576086,0.94846,79.7087521961615,23.4146574868075
Croatia,2001,11232.3748332959,7.40086842117394,0.91644,77.7875080113597,23.8797378698069
Croatia,2000,10458.3650005957,4.3024071819259,1.0441,77.9085001612781,24.358814255163
Croatia,1999,10026.9641738508,-0.388342543675748,0.8404,78.2743707681995,24.2613744252397
Croatia,1998,10066.0549476824,2.06562561557789,,78.2325137220943,25.1794303768177
Hungary,2017,15809.773172528,4.60053160751239,1.3486,,25.6019452032988
Hungary,2016,15114.4290851697,2.50204726512231,1.20423,,25.6512358129992
Hungary,2015,14745.4899569724,4.09285354584155,1.36245,69.549793691078,26.4476844810224
Hungary,2014,14165.7082639959,4.47614022299818,1.35373,68.1924013959596,25.7114991132374
Hungary,2013,13558.7974763999,2.24414518778131,1.38884,69.5496374890108,25.0362863365589
Hungary,2012,13261.1969629144,-0.961635938753446,1.26362,71.786423651207,25.0791200616474
Hungary,2011,13389.959626871,2.10800410164327,1.18897,73.2938007635168,25.1714175278753
Hungary,2010,13113.5259617277,0.892064394084002,1.13945,74.2719227963091,25.3224381277189
Hungary,2009,12997.5791857191,-6.55491211101459,1.13212,74.1696086981975,25.0623510295309
Hungary,2008,13909.3230894709,1.23539708538769,0.9796,77.823726130605,25.7080323536095
Hungary,2007,13739.5846610243,0.39758845153959,0.95674,78.9765498260311,26.6552571577024
Hungary,2006,13685.1739896682,4.19313294896553,0.98097,80.0627646359818,27.1305267302397
Hungary,2005,13134.4298826021,4.45115057834913,0.92094,80.368227659364,27.1320128324867
Hungary,2004,12574.7105798992,5.05522768754358,0.86035,81.8208390734872,26.7786052178875
Hungary,2003,11969.6190819737,4.38308690082604,0.91841,83.1371684473415,26.2736210784145
Hungary,2002,11467.0100658606,5.03995614111234,0.98198,80.791825677513,26.7083724836825
Hungary,2001,10916.8077435749,4.31309162443523,0.91189,80.9818366746925,27.041217765136
Hungary,2000,10465.4244003038,4.75094476844124,0.78942,80.5389134842981,26.978669852084
Hungary,1999,9990.76850661182,3.36340097297096,0.67053,81.7412151068611,27.438997878075
Hungary,1998,9665.67316145524,4.14203780831328,0.65625,82.1691286167692,28.0242938256704
Ireland,2017,71755.9670176427,6.97433032159738,1.04038,,35.7544192079203
Ireland,2016,67077.7436062674,2.51404618119044,1.16892,,36.965215303105
Ireland,2015,65432.7344447117,23.9855100123151,1.19201,85.3428197664443,38.1665834205933
Ireland,2014,52774.5011801883,7.76603048102096,1.49955,84.4375871556249,24.7612634294457
Ireland,2013,48971.3696835874,0.819363314856702,1.5658,86.2779024708277,24.3833701563809
Ireland,2012,48573.3772496171,-0.198086862079819,1.56119,86.8556446102903,24.5027130035272
Ireland,2011,48669.785700893,-0.0931766185208147,1.56058,88.322462252709,24.5627950418194
Ireland,2010,48715.1768553933,1.25674168561814,1.59153,90.0030994269017,23.2488910075612
Ireland,2009,48110.551499518,-6.03840890337834,1.6082,88.8851233357875,25.4765688028438
Ireland,2008,51202.3593236575,-6.40803307120305,1.38766,89.9243442673944,25.8093977629412
Ireland,2007,54708.0705789754,2.32297687954055,1.23325,90.9317823037878,28.4574206719895
Ireland,2006,53466.0662222331,2.27602786882564,1.19836,90.9729911504884,30.0185092757629
Ireland,2005,52276.2443324511,3.42210358603452,1.19281,90.915524156573,30.0050351440262
Ireland,2004,50546.4910496272,4.78788090184882,1.17866,93.2769299330177,30.7424696240504
Ireland,2003,48236.9627237451,1.35541843455822,1.12451,92.0022630739466,32.2200552048628
Ireland,2002,47591.8934268818,4.14986452450951,1.05605,91.4591391780774,35.0764984804611
Ireland,2001,45695.5884140224,3.61551244956179,1.05306,92.5215919069171,34.0730248003745
Ireland,2000,44101.1073860839,7.99647325469044,1.08497,92.5157191050349,31.4883747293018
Ireland,1999,40835.6921823543,9.264848549485,1.15338,91.7990546884727,31.3830219438935
Ireland,1998,37373.1284346769,7.56350201158259,1.20958,90.0642815839642,31.2859621531767
Iceland,2017,51281.9877403543,2.17876476565004,2.12724,,
Iceland,2016,50188.4984203626,5.87164373893354,2.03413,,19.6124803920598
Iceland,2015,47405.0431710697,3.3850187560388,2.12004,11.288868750735,19.4424836603938
Iceland,2014,45852.9134505774,0.95093285529444,1.94811,10.9284872679796,19.6011955052052
Iceland,2013,45420.9903303262,3.15350746171212,1.70204,10.4042068655341,20.5209315951437
Iceland,2012,44032.4245369798,0.758868479482075,,10.3307142985997,20.4823200279468
Iceland,2011,43700.7929936672,1.57087821580129,2.41367,10.2549525871951,21.6692794044505
Iceland,2010,43024.9238377351,-3.29681937828269,,11.5197915060126,21.4479049112393
Iceland,2009,44491.7360123238,-7.09478817330029,2.59511,12.170354326513,19.6350540214962
Iceland,2008,47889.3865451986,0.112891969472912,2.48745,13.1670498667388,22.9756011684938
Iceland,2007,47835.3842378276,6.63299778123134,2.54913,16.1512741050879,20.0431193499919
Iceland,2006,44859.8325407364,2.80695824187998,2.8939,19.7134601156769,22.2581722463732
Iceland,2005,43635.0158665254,4.66016593814484,2.68614,23.6590119589932,20.9367229003071
Iceland,2004,41692.0950539234,7.09781534677991,,24.0894510485188,21.3927953579584
Iceland,2003,38928.9874111116,1.56237935419554,2.70912,22.8737875952101,21.0738193447559
Iceland,2002,38330.1254447259,-0.213504836245505,2.82841,23.0859758132971,22.0899227566017
Iceland,2001,38412.137215386,2.52682782971409,2.8501,22.8911218928315,24.2505599545434
Iceland,2000,37465.4498032304,3.4652125599016,2.5783,22.622225912865,22.6273818177907
Iceland,1999,36210.6730139269,2.79249931995747,2.23767,24.4679624642253,22.4998099517182
Iceland,1998,35226.9603847413,5.95483628688298,1.9532,28.0253570811333,24.0996510968334
Italy,2017,35098.3704710631,1.86871464141127,1.35206,,21.2616905038334
Italy,2016,34454.5139247246,1.45187539107614,1.37124,,21.2277129950216
Italy,2015,33961.4361902228,0.875477401786128,1.34115,79.9484547354947,20.8563842801091
Italy,2014,33666.6919106164,-0.917813879753353,1.34301,78.5864226219386,20.7984291070401
Italy,2013,33978.551774946,-2.97240379999698,1.30768,79.9643345866816,21.1724585185577
Italy,2012,35019.4718880864,-3.24206011995115,1.27087,82.2013557429068,21.3450699035872
Italy,2011,36192.8663751007,0.534287439584816,1.20984,84.4647972084689,21.7497036250001
Italy,2010,36000.5201179254,1.40091534299962,1.22311,84.6287740206212,21.8657608357681
Italy,2009,35503.1510279269,-5.71150838276657,1.22126,84.8513256669208,21.8848000505181
Italy,2008,37653.7480014558,-1.61594062742927,1.16367,86.8421531044015,23.6013764186517
Italy,2007,38272.2040964632,0.975922132963376,1.1327,88.1830431207349,23.7719246206342
Italy,2006,37902.3070926424,1.48515735957702,1.08696,89.1908787219636,23.4009524651076
Italy,2005,37347.6359290146,0.323656244406962,1.04709,89.8014461800991,23.2715911307131
Italy,2004,37227.1479400919,0.769317663351927,1.05312,90.406242362097,23.4189596087361
Italy,2003,36942.9393820643,-0.305508789463318,1.06198,90.2161116960919,23.479364493926
Italy,2002,37056.14917483,0.104759513559856,1.08482,91.0358673382802,24.0295101924527
Italy,2001,37017.3699581292,1.89412399481279,1.04491,91.4034247883699,24.120805424707
Italy,2000,36329.2489368805,3.73994653301939,1.00546,91.7300953931907,24.3093084252286
Italy,1999,35019.5369777998,1.60863473141113,0.98337,91.8413718480898,24.6817872959994
Italy,1998,34465.1191017075,1.78132437367471,1.00784,92.2858909543463,25.2644561503424
Liechtenstein,2017,,,,,
Liechtenstein,2016,,,,,41.8491484184915
Liechtenstein,2015,,,,,37.2602648896845
Liechtenstein,2014,,,,,39.647172626367
Liechtenstein,2013,,,,,39.3045826652038
Liechtenstein,2012,,,,,
Liechtenstein,2011,,,,,
Liechtenstein,2010,141200.380010278,,,,
Liechtenstein,2009,,-1.86573285533839,,,
Liechtenstein,2008,,1.06913405467937,,,
Liechtenstein,2007,,2.60126997122612,,,
Liechtenstein,2006,,7.84652096919262,,,
Liechtenstein,2005,,4.03989393734922,,,
Liechtenstein,2004,,2.21072085164906,,,
Liechtenstein,2003,,-2.78691461058779,,,
Liechtenstein,2002,,-1.94952571961853,,,
Liechtenstein,2001,,-1.82185585303132,,,
Liechtenstein,2000,,1.9293165028067,,,
Liechtenstein,1999,,8.86775216492933,,,
Liechtenstein,1998,,6.15706643858277,,,
Lithuania,2017,16850.9869361482,5.71553322530551,0.88544,,25.8849604392821
Lithuania,2016,15939.9346737765,3.86742713812549,0.84329,,25.9057799829269
Lithuania,2015,15346.4229479557,2.99755803703157,1.04095,,26.6477154320745
Lithuania,2014,14899.7930052265,4.40179823371842,1.03048,67.9937494705635,27.4300040325341
Lithuania,2013,14271.5865601004,4.61176446748644,0.95088,70.0223364446159,27.3511558679813
Lithuania,2012,13642.4298287561,5.23529786234698,0.89469,72.8931944548374,27.9773804234794
Lithuania,2011,12963.7394542286,8.44743360077787,0.9039,73.8759517274449,28.0416088632386
Lithuania,2010,11953.9384416891,3.6327259527978,0.78348,74.2975094170234,26.1896459968754
Lithuania,2009,11534.9068856239,-13.8630352029641,0.82967,55.3710044945692,25.0566396015151
Lithuania,2008,13391.3551665114,3.68903701688028,0.78844,60.2506773202724,29.1891341552429
Lithuania,2007,12914.9190230509,12.4144790197382,0.80093,60.970620197516,29.5872783478558
Lithuania,2006,11488.661545799,9.13481637482543,0.79119,61.1454661770683,29.9976580596288
Lithuania,2005,10527.0361259792,9.49600305536111,0.74741,59.8802110943199,29.6083216971358
Lithuania,2004,9614.08255300128,7.75337498281363,0.75066,53.3631103036763,29.5560074845084
Lithuania,2003,8922.30294831572,11.4401020438109,0.66339,52.1590590386662,27.8267835327201
Lithuania,2002,8006.36645577376,7.62123743927177,0.6567,53.4532136853906,26.24843616045
Lithuania,2001,7439.39267590337,7.40582769415012,0.66679,57.4437163767391,27.0422627887382
Lithuania,2000,6926.43298377427,4.5645787027136,0.5848,58.6737698267062,26.3026120279007
Lithuania,1999,6624.07200383481,-0.430709466153118,0.502,60.2676664866385,26.2751558067221
Lithuania,1998,6652.72592414733,8.24853345650996,0.54377,59.2524350230754,27.2583575583767
Luxembourg,2017,109452.960045415,-0.643742843208457,1.25607,,11.2439614799896
Luxembourg,2016,110162.120814083,2.34480720304488,1.29524,,11.6668759293912
Luxembourg,2015,107638.212259787,1.87367055539431,1.28405,80.562295207665,11.0381154557325
Luxembourg,2014,105658.519687143,1.86727728350047,1.26404,83.331752670447,10.5169612720295
Luxembourg,2013,103721.747066127,1.28620669838423,1.30266,84.5060018141859,10.9049698534782
Luxembourg,2012,102404.612086023,-2.71708852655756,1.27267,87.215620431476,10.6707242084059
Luxembourg,2011,105264.748489747,0.285277509939249,1.46277,87.0086371857559,11.1886704688833
Luxembourg,2010,104965.306078267,2.96812251049525,1.50257,87.9574315110828,11.4277452440666
Luxembourg,2009,101939.613463932,-6.11337327134333,1.6775,88.7050358076445,11.5220046279643
Luxembourg,2008,108577.352298054,-3.02853191837914,1.62293,87.1163833581093,13.3764773464819
Luxembourg,2007,111968.349501179,6.69399553172356,1.59123,88.0854839793523,14.869456364073
Luxembourg,2006,104943.44029687,3.51414325838959,1.66674,90.3341298418926,13.6380067169608
Luxembourg,2005,101380.77463957,1.6058633317428,1.57171,91.1689927259868,14.6947891248522
Luxembourg,2004,99778.4687961976,2.14991954643011,1.60262,91.2583382980594,15.6484649689431
Luxembourg,2003,97678.4604816506,0.401760527680878,1.62595,89.7010316967833,16.1592749903676
Luxembourg,2002,97287.5973173005,2.73747148667978,,89.8491672731008,15.9581475156259
Luxembourg,2001,94695.3394019573,1.31861333401864,,84.9834081781113,16.3653112191826
Luxembourg,2000,93462.9248130091,6.79469983116832,1.57673,83.4434126190809,16.6122986024908
Luxembourg,1999,87516.4450677464,7.02568518942901,,83.0131223527531,16.8674678590401
Luxembourg,1998,81771.4410450609,4.73376288252148,,82.718090058128,18.6442459176576
Latvia,2017,15424.6553195973,4.71118077558484,0.51012,,19.1596051815085
Latvia,2016,14730.6669692277,2.7081684761481,0.44094,,18.7196943025977
Latvia,2015,14342.2545526635,4.10931169190289,0.62623,,19.4374640520767
Latvia,2014,13776.1496254124,2.87950346055712,0.6893,56.7174275733725,19.6360040764067
Latvia,2013,13390.5677632805,3.42986291446299,0.6122,58.9242124779904,20.3780088183961
Latvia,2012,12946.5198792292,5.43391382450638,0.66424,58.0418935861062,20.9835748997624
Latvia,2011,12279.2746751094,8.23804817881964,0.69662,62.8938992715436,21.0918975821269
Latvia,2010,11344.6933695837,-2.46440753001707,0.61078,65.8499964166208,20.5652830982161
Latvia,2009,11631.3369122919,-12.810443681352,0.45271,61.1260633910045,21.062380109228
Latvia,2008,13340.2868455751,-2.32523951156901,0.58139,65.0876798208202,21.8724702675538
Latvia,2007,13657.8649170634,10.9124072114262,0.55379,65.129696876696,21.6725291212551
Latvia,2006,12314.1001628683,12.9191374423689,0.65063,64.8080120026488,20.8641901929563
Latvia,2005,10905.2375370411,11.9465321155015,0.52959,63.1815667225766,20.3054669147921
Latvia,2004,9741.46972752098,9.53017751471252,0.40013,62.9870675602083,21.5380530452178
Latvia,2003,8893.86829142358,9.48939388205233,0.36002,63.6340489300738,21.3783597692348
Latvia,2002,8123.04094130297,8.36773902293875,0.40888,63.4126031378961,22.6570147030561
Latvia,2001,7495.81103614566,7.70106370242785,0.40321,63.6710626741171,22.8376807483592
Latvia,2000,6959.83008752465,6.61798930386534,0.43598,63.3882903137833,23.6814356775451
Latvia,1999,6527.81967936843,3.66818749804034,0.35186,63.3295194364182,24.7657809124144
Latvia,1998,6296.83978944054,7.37284449908107,0.37876,64.9938205011516,25.8350966954946
Malta,2017,27669.3692117696,3.84116671501731,0.5402,,12.017484603576
Malta,2016,26645.8574061534,3.2846537698677,0.56749,,11.8949968312638
Malta,2015,25798.4670844945,8.2049254124704,0.74085,,12.3250600309096
Malta,2014,23842.2299041863,6.55724431666039,0.71197,97.7884616626645,13.6130766014099
Malta,2013,22375.0436275674,3.15235295896767,0.77238,98.7575965879798,14.9303432058711
Malta,2012,21691.258595398,1.8710407741906,0.82618,99.0384089728755,15.2592707510854
Malta,2011,21292.8604935718,0.878821508859758,0.6738,99.2384535750742,16.8376007127955
Malta,2010,21107.3644349639,3.03534634793951,0.60667,99.6724695817513,17.6361845594363
Malta,2009,20485.5568337554,-3.19485641967428,0.5174,99.8802715215794,17.6848141269996
Malta,2008,21161.6408757838,2.67626586640894,0.53331,99.891462471476,19.3662603814838
Malta,2007,20610.0608521516,3.62442234050089,0.5485,99.9101608326312,18.5062961354755
Malta,2006,19889.1925152824,1.45839226972497,0.58025,99.9224662920404,19.450065910399
Malta,2005,19603.2995106087,3.12420096990967,0.52996,99.9403964487637,20.4041150502713
Malta,2004,19009.4074196305,-0.228933646992317,0.49256,99.9510403326363,21.8297994740302
Malta,2003,19053.0262073895,1.87151827705605,0.23707,99.9623332550123,24.46451289966
Malta,2002,18702.9962148711,2.21792903174574,0.2385,99.9674076094368,24.3329392890315
Malta,2001,18297.1777965317,-0.144491273912521,,,23.5823919314703
Malta,2000,18323.6538774465,6.08345885824623,,,26.6354183257867
Malta,1999,17272.8661703343,4.10096796650934,,100.0,24.4582931344685
Malta,1998,16592.4164853983,4.44456735015224,,99.9998552304514,25.7287705956908
Netherlands,2017,53942.0850857826,2.30428480308397,1.98816,,17.7031373197172
Netherlands,2016,52727.1024763143,1.64931554652068,1.99685,,17.637508699955
Netherlands,2015,51871.5765008603,1.50826615391395,1.98487,93.4610046096056,18.1860210316402
Netherlands,2014,51100.8398293484,1.05910126899116,1.97568,90.9218838570949,18.4123533265829
Netherlands,2013,50565.3020734196,-0.424178633897782,1.92987,91.5543679014014,19.3341640636947
Netherlands,2012,50780.7029655426,-1.39591935084162,1.91627,91.2339380558199,20.0181939028985
Netherlands,2011,51499.5957887631,1.07862821355482,1.88131,92.1856100003504,20.0661480812905
Netherlands,2010,50950.0343435181,0.824259960006415,1.70404,93.6745002289704,19.6942365849118
Netherlands,2009,50533.5068799198,-4.16103858253555,1.6657,92.8872625819348,20.30849398728
Netherlands,2008,52727.5193016764,1.77335660234053,1.62269,92.3241738270123,21.5099552223585
Netherlands,2007,51808.7651443972,3.54735949519988,1.6703,92.7257793805142,21.1550947235816
Netherlands,2006,50033.8834297352,3.29494988750754,1.74067,92.7513898431783,21.2063721246916
Netherlands,2005,48437.87957129,1.81269915858344,1.77388,93.0562366321199,21.0231573673539
Netherlands,2004,47575.4792590688,1.63118805185918,1.78901,94.0176796319096,20.7101642590206
Netherlands,2003,46811.8893137336,-0.31578966788264,1.7839,94.3343519499004,20.7786509623447
Netherlands,2002,46960.1847251141,-0.420367773275316,1.74543,93.9850559778198,21.1475105609843
Netherlands,2001,47158.4235400612,1.55745814817534,1.79609,94.1998959885808,21.8933720150826
Netherlands,2000,46435.2145080824,3.45353824048497,1.7898,93.8468325283201,21.740371277436
Netherlands,1999,44885.0907352637,4.33737440997872,1.82282,94.1536409853475,21.6576590322296
Netherlands,1998,43019.1875050394,4.02050290394375,1.74206,95.0143488909778,22.3571184011971
Norway,2017,91549.0378687312,1.50014937986147,2.10968,,29.7912654739268
Norway,2016,90195.9636789416,0.185059679800673,2.03074,,27.9415637987598
Norway,2015,90029.3556416645,0.95750076290291,1.93095,56.9516286499811,31.0103793816342
Norway,2014,89175.4995531209,0.826056236088164,1.71187,57.9782333483243,34.0317191657959
Norway,2013,88444.8949826154,-0.180216050698121,1.65004,61.8401185070124,35.6394714289808
Norway,2012,88604.5746477835,1.36294972167086,1.61858,57.807168594216,36.8413452795885
Norway,2011,87413.1769952234,-0.319991951968163,1.62534,57.3215168251234,37.0265440080382
Norway,2010,87693.7900658099,-0.544794329896789,1.64855,63.0430639954468,34.7682539584538
Norway,2009,88174.1578783654,-2.95858554905377,1.72279,63.1101111618155,34.3017301761883
Norway,2008,90862.3997055782,-0.768118887384631,1.55346,61.6708969044002,40.2948114564514
Norway,2007,91565.7333981819,1.93402948159891,1.56401,56.188814651614,37.1778162713979
Norway,2006,89828.4251724899,1.57838256232566,1.45598,56.685760917442,39.6638206538144
Norway,2005,88432.620117153,1.9288781797794,1.48317,54.9821628032515,37.9666801843429
Norway,2004,86759.1419589431,3.35683885396524,1.54506,55.8915559728855,34.9961301611872
Norway,2003,83941.3655844552,0.319967274191214,1.68036,58.8882846020956,33.3947804320511
Norway,2002,83673.6373278805,0.900636374550203,1.63058,53.5300635727366,33.2344880866815
Norway,2001,82926.7686848655,1.55954885212969,1.56231,55.6562920673448,35.2055799824331
Norway,2000,81653.3448820322,2.53730175628031,,54.3440188531711,36.4948055540997
Norway,1999,79632.8199430419,1.31670680290318,1.60533,55.1958222662883,29.5652407502949
Norway,1998,78597.9158382594,2.01520525557162,,54.0344973883706,27.60007496703
Poland,2017,15845.2485992973,4.92456773838559,1.03445,,28.9310766167353
Poland,2016,15101.5619514442,3.10821979495984,0.9641,,29.5694724444311
Poland,2015,14646.322069642,3.90829390192577,1.00325,90.2913754356553,30.2548124513256
Poland,2014,14095.4311919181,3.39580644564703,0.93978,90.0879642957879,29.4303168393948
Poland,2013,13632.4979479006,1.45311095910361,0.87053,91.1464064236081,28.6219706137082
Poland,2012,13437.2399417066,1.6081495649773,0.88086,90.9785187086931,29.7433757307025
Poland,2011,13224.5690913933,4.96078291677343,0.74588,92.1151412346365,29.8323870453861
Poland,2010,12599.5335818707,3.90326207585954,0.7207,92.451207569259,29.1769586618123
Poland,2009,12126.2156068515,2.75060903443179,0.66097,93.1540577854339,29.805612560195
Poland,2008,11801.5997382439,4.23539255718563,0.59921,94.1138888361082,29.1079250024688
Poland,2007,11322.065805786,7.09296937227928,0.56189,95.2120656020728,28.9708278425908
Poland,2006,10572.1840305202,6.2469493190406,0.55082,95.8203386425739,29.0280457346255
Poland,2005,9950.57655610778,3.53916201714077,0.56281,95.9939398872071,28.825464325955
Poland,2004,9610.44725710691,5.19717191024395,0.55251,95.9787564750952,28.9697790714872
Poland,2003,9135.65173149969,3.63237684086626,0.53884,96.2477586646671,27.5248543023654
Poland,2002,8815.44166986349,2.0888931300596,0.55785,95.8700304377141,26.7242113106436
Poland,2001,8635.06440277765,1.27589937080216,0.62284,95.9808999446962,27.4763934741498
Poland,2000,8526.27767951191,5.65698414402345,0.64202,96.2198417670529,28.8833677807644
Poland,1999,8069.77195931463,4.65072212145512,0.6818,96.3184286367341,29.9144347061506
Poland,1998,7711.14789819515,4.57738830655899,0.66083,96.108652339754,30.897307072297
Portugal,2017,23380.6928324749,3.75909456249113,1.31682,,19.1172658186866
Portugal,2016,22533.6322864628,2.34182293683753,1.28081,,19.3279610326808
Portugal,2015,22018.0094899911,2.21448311689115,1.24263,77.024122555839,19.4643821268536
Portugal,2014,21540.9879486565,1.33712077921395,1.28973,72.8127262997581,18.9367801464576
Portugal,2013,21256.7594017088,-0.37739792013717,1.32641,73.3496291275565,18.86789482519
Portugal,2012,21337.285874814,-3.66753162556232,1.37777,75.812420137191,19.1134782639465
Portugal,2011,22149.6305813295,-1.55146928111979,1.45683,75.6565408134185,19.3449680402193
Portugal,2010,22498.6908586557,1.69092874881638,1.53257,75.1255846467966,19.9500938637987
Portugal,2009,22124.5799752985,-3.21438962575144,1.57973,78.0876569943485,19.857190463856
Portugal,2008,22859.369166292,0.17470013490319,1.4452,78.6365945255412,20.3862797641316
Portugal,2007,22819.5034629579,2.30555245549546,1.12427,79.2405175237019,21.153352846176
Portugal,2006,22305.2443540489,1.44193664841121,0.95455,80.8164495069197,21.1476529637361
Portugal,2005,21988.1886042426,0.595038057370374,0.75707,84.1221274218628,21.3833086063294
Portugal,2004,21858.1244451664,1.54562016543736,0.72871,82.7560909971743,22.2369566238035
Portugal,2003,21525.4231640472,-1.30174203442685,0.69759,81.7734636585717,22.629715019166
Portugal,2002,21809.3243059624,0.220542604449207,0.72144,85.2567327492204,23.4969886519634
Portugal,2001,21761.3312991524,1.22726360794456,0.76452,83.3853754008383,24.1438842401402
Portugal,2000,21497.5003013363,3.08905383169873,0.72127,84.0361685337448,24.4615743968679
Portugal,1999,20853.3297205664,3.3205083214344,0.681,86.5072368145243,24.8681230004472
Portugal,1998,20183.1466563161,4.27961151140983,0.62468,83.497365037044,25.3364915790029
Romania,2017,11029.1372060018,7.73943249498453,0.5039,,28.8922301393981
Romania,2016,10236.8621688399,5.40266296035755,0.48033,,30.0637638776091
Romania,2015,9712.14756944992,4.36163303977312,0.48793,,29.9467798915446
Romania,2014,9306.24338328295,3.79888702175988,0.38225,72.5236945744128,31.6082604274278
Romania,2013,8965.64852504829,3.89963972603289,0.38787,73.4937634512981,32.1656741563663
Romania,2012,8629.14303523025,2.53260302566227,0.48383,76.4272009246288,32.5041865763784
Romania,2011,8415.99918522552,2.51013094717464,0.49832,77.6518382039965,38.515834210707
Romania,2010,8209.9194562169,-3.32875036446968,0.45688,75.070951491373,37.8273610640477
Romania,2009,8492.61749193263,-4.72698260115841,0.44395,76.5949357642075,36.4248709347848
Romania,2008,8913.9797644699,11.1442089014979,0.55215,79.8431627738385,36.7741526756529
Romania,2007,8020.19273210173,8.82964823723904,0.51148,83.179481360426,34.2821825497409
Romania,2006,7369.49247012029,8.67067585292331,0.45682,85.0588612884279,32.9782770932418
Romania,2005,6781.49133819162,5.3165061122384,0.41262,83.8666846203507,32.2658742760889
Romania,2004,6439.15335642109,11.0591132161949,0.38942,84.4800892610131,31.8347873600822
Romania,2003,5797.95135216523,3.08196384315724,0.39708,86.8626792858195,32.0484937285585
Romania,2002,5624.60311775493,7.65586943426126,0.37721,86.7447472126657,33.3269850234614
Romania,2001,5224.61352763448,6.69667366637489,0.39129,86.5352964008196,32.337206984498
Romania,2000,4896.69766460677,2.5939752319907,0.36626,84.8166027159963,30.2634621400688
Romania,1999,4772.89007812994,-0.220150554902915,0.39832,84.3297836003278,30.3919719045684
Romania,1998,4783.42080557675,-1.82682397441751,0.49541,85.2305912033859,32.2122152957358
Slovak Republic,2017,19828.7731965611,2.88095477232149,0.88267,,28.963869460353
Slovak Republic,2016,19273.5120318846,1.99188810553051,0.78895,,29.2045673815859
Slovak Republic,2015,18897.1028871849,4.72234949084245,1.17171,64.0914950988802,30.5144857961811
Slovak Republic,2014,18044.9569543293,2.65276616783316,0.88008,63.9460954273638,30.7997172046695
Slovak Republic,2013,17578.6368238987,0.562723799129188,0.82362,66.424399738131,28.7777871099052
Slovak Republic,2012,17480.2711778287,1.72254806747387,0.80495,66.8328684868671,31.1755327587615
Slovak Republic,2011,17184.2639708886,2.73189864101768,0.66326,68.5113631680676,31.0737533976105
Slovak Republic,2010,16727.2913264619,5.62236809098431,0.61614,70.2377733867821,30.6682199940658
Slovak Republic,2009,15836.8834450415,-5.58143575594187,0.47326,70.0284387242571,29.4367021195351
Slovak Republic,2008,16773.0610731439,5.48438910901442,0.46204,70.3379735039533,33.0565541303411
Slovak Republic,2007,15900.9889660636,10.7996936052106,0.44824,70.9291378680345,33.544719095972
Slovak Republic,2006,14351.1127591383,8.48818950361783,0.47563,70.8919626902223,34.2862427626697
Slovak Republic,2005,13228.2719665625,6.61300328331815,0.49401,72.1099316045025,31.9269842623046
Slovak Republic,2004,12407.7472345556,5.30031912202998,0.50149,72.216145118193,32.0426492963052
Slovak Republic,2003,11783.2000301695,5.56854782302077,0.56247,72.1810399144335,30.5821565150089
Slovak Republic,2002,11161.657778909,4.54744028705882,0.56389,72.4412542108082,29.2403327127339
Slovak Republic,2001,10676.1655266376,3.44292696526307,0.62565,73.0781842934813,29.8464554363896
Slovak Republic,2000,10320.8269911221,1.30357559400012,0.63927,72.5158524953125,29.4168544604008
Slovak Republic,1999,10188.0184688499,-0.207809564599941,0.64556,75.9436434771845,28.3665364682185
Slovak Republic,1998,10209.2342340607,3.93660475410731,0.76611,78.480923314832,27.9728115851906
Slovenia,2017,25721.8574436824,4.76509673716556,1.86311,,28.4215434328878
Slovenia,2016,24551.9340360209,3.04624519630798,2.01191,,27.9867791651358
Slovenia,2015,23826.1316453096,2.1332580450445,2.19504,61.114199486892,28.0267675602292
Slovenia,2014,23328.4750740072,2.66713324907568,2.36743,59.6632066816783,28.1368441845538
Slovenia,2013,22722.4373913423,-1.16352193332934,2.5801,63.7493163120476,27.4889560658451
Slovenia,2012,22989.9302725202,-2.84370499280638,2.57319,65.0820189968618,27.3945879974641
Slovenia,2011,23662.8313902027,0.652024556510767,2.42358,64.9352741596741,26.8088273078107
Slovenia,2010,23509.5433941493,0.902771383852325,2.05763,66.6792143564119,26.506087104045
Slovenia,2009,23299.204840187,-8.38032051298985,1.81629,67.4233935026758,27.3738167301404
Slovenia,2008,25430.3496482875,3.34627925346567,1.62564,69.5073452374428,29.7882593732745
Slovenia,2007,24606.9329558709,6.3835905916539,1.42382,69.2804898676299,30.6536864764414
Slovenia,2006,23130.3839426918,5.40948266637291,1.53291,69.4799431983523,30.1219190161362
Slovenia,2005,21943.3616004936,3.61833877639148,1.41229,68.5714199530726,29.790480507757
Slovenia,2004,21177.1022963873,4.29235547699827,1.36806,69.2959299153542,30.2548722972758
Slovenia,2003,20305.5173119165,2.89819723975768,1.24528,69.7464407862481,30.2466589356518
Slovenia,2002,19733.5986991139,3.37741940054215,1.43874,69.8624661685046,29.9670591663296
Slovenia,2001,19088.8869286385,3.05412420993443,1.46773,70.3938071478691,30.5505908973106
Slovenia,2000,18523.1664186015,3.36587501636454,1.3563,70.1382135081145,30.4678710507469
Slovenia,1999,17920.0015630584,5.2574537193246,1.33814,74.1653338509075,31.0160908565479
Slovenia,1998,17024.9240598611,3.50488458728786,1.30637,73.5053681526315,31.1816773730447
Sweden,2017,57367.4278960444,1.04116339277707,3.32707,,22.1164212604679
Sweden,2016,56776.2939080978,1.13431554486745,3.26923,,21.8410077089107
Sweden,2015,56139.494890742,3.32241469763161,3.26418,25.1170961346531,22.0855451456883
Sweden,2014,54334.2846322666,1.73284990535178,3.14261,29.7747472651344,21.7229687467816
Sweden,2013,53408.7904573764,0.234883648046718,3.30252,30.0160156092433,21.9487153632815
Sweden,2012,53283.6359095402,-1.36335763193705,3.27772,30.9991557787887,22.9102763561211
Sweden,2011,54020.1233844844,2.2770546766192,3.24522,34.2141870452598,23.5570177820775
Sweden,2010,52817.441365794,5.28758976298924,3.21262,34.4232514038991,23.7996881313736
Sweden,2009,50164.9258803343,-5.04876954210928,3.44598,31.9839953356471,22.2983253344992
Sweden,2008,52832.3073207372,-1.01641975718215,3.49104,33.1126400594178,24.345398471598
Sweden,2007,53374.8195318189,2.66672640343863,3.25273,32.4524719515326,25.361244663991
Sweden,2006,51988.4303333853,4.01576809721875,3.49609,33.4125841867698,25.1704969690324
Sweden,2005,49981.2973402206,2.4851907184142,3.38312,33.8115091740615,24.8283784679223
Sweden,2004,48769.2875330134,3.9166234777328,3.38737,34.8320103545523,24.9844142810351
Sweden,2003,46931.170298719,1.86486845378275,3.60977,36.5218103202111,25.1228214087392
Sweden,2002,46071.988322463,1.86401500919476,,37.4462496216707,25.5404457642181
Sweden,2001,45228.9145664485,1.19587148268204,3.90785,33.9878881209022,25.9353952928067
Sweden,2000,44694.4266636299,4.70625771528572,,34.8291833726584,26.2886804603692
Sweden,1999,42685.5353623293,4.22997453365539,3.41742,34.8498122925348,25.9142063292045
Sweden,1998,40953.2243995189,4.20315733859317,,35.0473151953376,26.2694026164531
Turkey,2017,14874.7825351792,5.77447286456356,0.96105,,29.204696342046
Turkey,2016,14062.7337885439,1.51328364880945,0.94464,,28.1832962532981
Turkey,2015,13853.0971347501,4.33308277099694,0.8815,86.843187660708,27.90428939731
Turkey,2014,13277.7607704323,3.39192850541498,0.86077,89.5439509012097,28.195170271017
Turkey,2013,12842.1637572384,6.66872942488159,0.81821,88.1573215108987,27.6961364953923
Turkey,2012,12039.2957021975,3.09266028543382,0.83217,89.4105123377554,26.7741370780828
Turkey,2011,11678.1307891989,9.42377119943873,0.79988,89.9693974614175,26.9358083384492
Turkey,2010,10672.3892452162,6.97903187683593,0.79892,89.1243305678541,24.601761403132
Turkey,2009,9976.15052032183,-5.91072844746472,0.8094,89.8975093130821,24.05598511163
Turkey,2008,10602.8565804674,-0.353052182515668,0.69292,90.5626975322871,26.236546563583
Turkey,2007,10640.4228254817,3.78510235514054,0.69182,90.4967522808164,26.4567410885606
Turkey,2006,10252.3604872223,5.78036453752556,0.55749,89.0039707915458,26.1087868239324
Turkey,2005,9692.1205859385,7.57700242509267,0.56931,88.0596377759414,25.3019011272678
Turkey,2004,9009.47262653768,8.1365041842369,0.50215,86.7013611367751,25.1299833153073
Turkey,2003,8331.57377751721,4.09972443691248,0.46945,87.0406584705653,24.8331362402554
Turkey,2002,8003.45420949351,4.87312641549688,0.51294,86.0700877177666,24.6111741393553
Turkey,2001,7631.55870626438,-7.35700400465339,0.52638,86.0729403462198,25.5968128999639
Turkey,2000,8237.59921003387,5.03338783436449,0.46783,86.2479851404163,26.9025913094871
Turkey,1999,7842.838720031,-4.87477539950069,0.45646,84.5300091899932,28.4246939303346
Turkey,1998,8244.7518552191,0.711596365614582,0.36224,83.6324892125441,31.1281299656982
